Designator,Mid X,Mid Y,Layer,Rotation
C1,145.992889,-106.120000,top,180.000000
C2,152.192889,-100.545000,top,0.000000
D1,147.217889,-103.195000,top,0.000000
J1,149.865389,-122.150000,top,0.000000
J2,152.232889,-94.395000,top,-90.000000
R1,149.892889,-111.595000,top,180.000000
R2,151.967889,-103.420000,top,0.000000
R3,148.992889,-98.870000,top,-90.000000
U1,149.817889,-107.095000,top,-90.000000